{
  "west": -25.399999999998954,
  "south": -0.09999999999138609,
  "east": 16.00000000000133,
  "north": 27.3000000000088
}