{
  "wa_pwe_djf": 1786821917959634.0,
  "wa_pwe_jja": 1136710024348898.2,
  "wa_pwe_annual": 1388732504796697.5,
  "years_covered": [
    2020,
    2021,
    2022,
    2023,
    2024
  ],
  "urban_threshold_people_per_km2": 50,
  "total_urban_population": 365582144.88427734,
  "total_population": 409611394.6075883
}